NID_Number,Date_of_Birth,Age,Gender,Blood_Group,Marital_Status,Occupation,Division,District
1000000000,2008-01-01,18,Male,A+,Single,Student,Dhaka,Dhaka
1000012389,2003-02-02,23,Female,O-,Single,Student,Dhaka,Gazipur
1000024734,2002-03-03,24,Male,AB+,Divorced,Unemployed,Dhaka,Narayanganj
1000037035,2005-04-04,21,Female,B-,Single,Student,Rajshahi,Rajshahi
1000049347,2007-05-05,19,Female,AB-,Single,Student,Rajshahi,Bogura
1000061681,2007-06-06,19,Female,A-,Single,Student,Rangpur,Rangpur
1000074059,2003-07-07,23,Female,AB-,Divorced,Student,Rangpur,Dinajpur
1000086448,1998-08-08,28,Male,B+,Divorced,Unemployed,Chattogram,Chattogram
1000098804,1996-09-09,30,Male,O+,Divorced,Teacher,Chattogram,Cumilla
1000111127,1997-10-10,29,Female,B-,Divorced,Teacher,Dhaka,Dhaka
1000123428,2000-11-11,26,Male,O+,Single,Unemployed,Dhaka,Gazipur
1000135751,2001-12-12,25,Female,AB-,Single,Unemployed,Dhaka,Narayanganj
1000148118,1998-01-13,28,Male,AB+,Married,Doctor,Rajshahi,Rajshahi
1000160507,1993-02-14,33,Female,AB-,Married,Farmer,Rajshahi,Bogura
1000172874,1990-03-15,36,Male,B+,Divorced,Business,Rangpur,Rangpur
1000185208,1990-04-16,36,Male,B+,Single,Govt Employee,Rangpur,Dinajpur
1000197509,1993-05-17,33,Female,A-,Married,Doctor,Chattogram,Chattogram
1000209821,1995-06-18,31,Female,O-,Single,Engineer,Chattogram,Cumilla
1000222177,1993-07-19,33,Female,O-,Single,Govt Employee,Dhaka,Dhaka
1000234555,1989-08-20,37,Female,B-,Divorced,Teacher,Dhaka,Gazipur
1000246944,1984-09-21,42,Male,A+,Divorced,Unemployed,Dhaka,Narayanganj
1000259289,1983-10-22,43,Female,A-,Married,Farmer,Rajshahi,Rajshahi
1000271590,1986-11-23,40,Male,AB+,Divorced,Unemployed,Rajshahi,Bogura
1000283891,1989-12-24,37,Female,B-,Single,Govt Employee,Rangpur,Rangpur
1000296236,1988-01-25,38,Male,O+,Divorced,Unemployed,Rangpur,Dinajpur
1000308625,1983-02-26,43,Female,A-,Divorced,Business,Chattogram,Chattogram
1000321003,1979-03-27,47,Female,O-,Married,Farmer,Chattogram,Cumilla
1000333359,1977-04-28,49,Female,AB-,Married,Doctor,Dhaka,Dhaka
1000345671,1979-05-01,47,Female,O-,Single,Engineer,Dhaka,Gazipur
1000357972,1982-06-02,44,Male,A+,Married,Farmer,Dhaka,Narayanganj
1000370306,1982-07-03,44,Male,B+,Divorced,Teacher,Rajshahi,Rajshahi
1000382673,1979-08-04,47,Female,A-,Single,Govt Employee,Rajshahi,Bogura
1000395062,1974-09-05,52,Male,B+,Single,Engineer,Rangpur,Rangpur
1000407429,1971-10-06,55,Female,O-,Married,Private Service,Rangpur,Dinajpur
1000419752,1972-11-07,54,Male,O+,Married,Private Service,Chattogram,Chattogram
1000432053,1975-12-08,51,Female,O-,Divorced,Business,Chattogram,Cumilla
1000444376,1976-01-09,50,Male,A+,Divorced,Business,Dhaka,Dhaka
1000456732,1974-02-10,52,Male,A+,Divorced,Unemployed,Dhaka,Gazipur
1000469121,1969-03-11,57,Female,AB-,Divorced,Business,Dhaka,Narayanganj
1000481499,1965-04-12,61,Female,B-,Married,Retired,Rajshahi,Rajshahi
1000493833,1965-05-13,61,Female,B-,Divorced,Business,Rajshahi,Bogura
1000506145,1967-06-14,59,Female,A-,Married,Farmer,Rangpur,Rangpur
1000518446,1970-07-15,56,Male,AB+,Divorced,Unemployed,Rangpur,Dinajpur
1000530791,1969-08-16,57,Female,AB-,Married,Farmer,Chattogram,Chattogram
1000543180,1964-09-17,62,Male,O+,Married,Farmer,Chattogram,Cumilla
1000555569,1959-10-18,67,Female,A-,Widowed,Retired,Dhaka,Dhaka
1000567914,1958-11-19,68,Male,B+,Married,Business,Dhaka,Gazipur
1000580215,1961-12-20,65,Female,AB-,Married,Farmer,Dhaka,Narayanganj
1000592527,1963-01-21,63,Female,B-,Single,Retired,Rajshahi,Rajshahi
1000604861,1963-02-22,63,Female,O-,Married,Business,Rajshahi,Bogura
1000617239,1959-03-23,67,Female,B-,Married,Farmer,Rangpur,Rangpur
1000629628,1954-04-24,72,Male,AB+,Widowed,Retired,Rangpur,Dinajpur
1000641984,1952-05-25,74,Male,A+,Married,Business,Chattogram,Chattogram
1000654296,1954-06-26,72,Male,AB+,Widowed,Farmer,Chattogram,Cumilla
1000666608,1956-07-27,70,Male,A+,Married,Retired,Dhaka,Dhaka
1000678931,1957-08-28,69,Female,B-,Widowed,Business,Dhaka,Gazipur
1000691298,1954-09-01,72,Male,B+,Married,Farmer,Dhaka,Narayanganj
1000703687,1949-10-02,77,Female,B-,Widowed,Retired,Rajshahi,Rajshahi
1000716054,1946-11-03,80,Male,AB+,Married,Business,Rajshahi,Bogura
1000728388,1946-12-04,80,Male,AB+,Widowed,Farmer,Rangpur,Rangpur
1000740689,2008-01-05,18,Female,O-,Single,Student,Rangpur,Dinajpur
1000753001,2008-02-06,18,Female,A-,Single,Student,Chattogram,Chattogram
1000765357,2008-03-07,18,Female,A-,Single,Student,Chattogram,Cumilla
1000777735,2005-04-08,21,Female,AB-,Single,Student,Dhaka,Dhaka
1000790124,2000-05-09,26,Male,O+,Single,Unemployed,Dhaka,Gazipur
1000802469,1999-06-10,27,Female,O-,Divorced,Teacher,Dhaka,Narayanganj
1000814770,2002-07-11,24,Male,B+,Single,Unemployed,Rajshahi,Rajshahi
1000827071,2005-08-12,21,Female,AB-,Single,Student,Rajshahi,Bogura
1000839416,2004-09-13,22,Male,A+,Single,Student,Rangpur,Rangpur
1000851805,1999-10-14,27,Female,O-,Single,Govt Employee,Rangpur,Dinajpur
1000864183,1995-11-15,31,Female,A-,Divorced,Teacher,Chattogram,Chattogram
1000876539,1993-12-16,33,Female,B-,Divorced,Business,Chattogram,Cumilla
1000888851,1995-01-17,31,Female,A-,Married,Doctor,Dhaka,Dhaka
1000901152,1998-02-18,28,Male,O+,Divorced,Teacher,Dhaka,Gazipur
1000913486,1998-03-19,28,Male,AB+,Single,Engineer,Dhaka,Narayanganj
1000925864,1994-04-20,32,Male,O+,Divorced,Unemployed,Rajshahi,Rajshahi
1000938242,1990-05-21,36,Male,AB+,Married,Doctor,Rajshahi,Bogura
1000950609,1987-06-22,39,Female,A-,Divorced,Unemployed,Rangpur,Rangpur
1000962932,1988-07-23,38,Male,A+,Divorced,Unemployed,Rangpur,Dinajpur
1000975233,1991-08-24,35,Female,A-,Single,Govt Employee,Chattogram,Chattogram
1000987556,1992-09-25,34,Male,O+,Single,Govt Employee,Chattogram,Cumilla
1000999912,1990-10-26,36,Male,O+,Single,Unemployed,Dhaka,Dhaka
1001012301,1985-11-27,41,Female,B-,Single,Govt Employee,Dhaka,Gazipur
1001024679,1981-12-28,45,Female,AB-,Divorced,Teacher,Dhaka,Narayanganj
1001037013,1981-01-01,45,Female,AB-,Single,Engineer,Rajshahi,Rajshahi
1001049325,1983-02-02,43,Female,O-,Divorced,Teacher,Rajshahi,Bogura
1001061626,1986-03-03,40,Male,B+,Single,Unemployed,Rangpur,Rangpur
1001073971,1985-04-04,41,Female,B-,Divorced,Teacher,Rangpur,Dinajpur
1001086360,1980-05-05,46,Male,A+,Divorced,Unemployed,Chattogram,Chattogram
1001098749,1975-06-06,51,Female,O-,Divorced,Business,Chattogram,Cumilla
1001111094,1974-07-07,52,Male,AB+,Married,Private Service,Dhaka,Dhaka
1001123395,1977-08-08,49,Female,B-,Divorced,Business,Dhaka,Gazipur
1001135707,1979-09-09,47,Female,AB-,Married,Doctor,Dhaka,Narayanganj
1001148041,1979-10-10,47,Female,A-,Divorced,Business,Rajshahi,Rajshahi
1001160419,1975-11-11,51,Female,AB-,Married,Farmer,Rajshahi,Bogura
1001172808,1970-12-12,56,Male,B+,Married,Private Service,Rangpur,Rangpur
1001185164,1968-01-13,58,Male,O+,Married,Farmer,Rangpur,Dinajpur
1001197476,1970-02-14,56,Male,B+,Single,Unemployed,Chattogram,Chattogram
1001209788,1972-03-15,54,Male,O+,Divorced,Unemployed,Chattogram,Cumilla
1001222111,1973-04-16,53,Female,AB-,Divorced,Unemployed,Dhaka,Dhaka
1001234478,1970-05-17,56,Male,AB+,Single,Engineer,Dhaka,Gazipur
1001246867,1965-06-18,61,Female,AB-,Single,Farmer,Dhaka,Narayanganj
1001259234,1962-07-19,64,Male,B+,Married,Retired,Rajshahi,Rajshahi
1001271568,1962-08-20,64,Male,B+,Divorced,Business,Rajshahi,Bogura
1001283869,1965-09-21,61,Female,A-,Single,Farmer,Rangpur,Rangpur
1001296181,1967-10-22,59,Female,O-,Divorced,Teacher,Rangpur,Dinajpur
1001308537,1965-11-23,61,Female,O-,Divorced,Business,Chattogram,Chattogram
1001320915,1961-12-24,65,Female,B-,Married,Farmer,Chattogram,Cumilla
1001333304,1956-01-25,70,Male,A+,Married,Retired,Dhaka,Dhaka
1001345649,1955-02-26,71,Female,A-,Widowed,Business,Dhaka,Gazipur
1001357950,1958-03-27,68,Male,AB+,Married,Farmer,Dhaka,Narayanganj
1001370251,1961-04-28,65,Female,B-,Divorced,Retired,Rajshahi,Rajshahi
1001382596,1960-05-01,66,Male,O+,Married,Business,Rajshahi,Bogura
1001394985,1955-06-02,71,Female,A-,Widowed,Farmer,Rangpur,Rangpur
1001407363,1951-07-03,75,Female,O-,Married,Retired,Rangpur,Dinajpur
1001419719,1949-08-04,77,Female,AB-,Widowed,Business,Chattogram,Chattogram
1001432031,1951-09-05,75,Female,O-,Married,Farmer,Chattogram,Cumilla
1001444332,1954-10-06,72,Male,A+,Widowed,Retired,Dhaka,Dhaka
1001456666,1954-11-07,72,Male,B+,Married,Business,Dhaka,Gazipur
1001469044,1950-12-08,76,Male,A+,Widowed,Farmer,Dhaka,Narayanganj
1001481422,2006-01-09,20,Male,B+,Single,Student,Rajshahi,Rajshahi
1001493789,2003-02-10,23,Female,O-,Single,Student,Rajshahi,Bogura
1001506112,2004-03-11,22,Male,O+,Single,Student,Rangpur,Rangpur
1001518413,2007-04-12,19,Female,O-,Single,Student,Rangpur,Dinajpur
1001530736,2008-05-13,18,Male,A+,Single,Student,Chattogram,Chattogram
1001543092,2006-06-14,20,Male,A+,Single,Student,Chattogram,Cumilla
1001555481,2001-07-15,25,Female,AB-,Married,Private Service,Dhaka,Dhaka
1001567859,1997-08-16,29,Female,B-,Single,Engineer,Dhaka,Gazipur
1001580193,1997-09-17,29,Female,B-,Married,Doctor,Dhaka,Narayanganj
1001592505,1999-10-18,27,Female,A-,Single,Engineer,Rajshahi,Rajshahi
1001604806,2002-11-19,24,Male,AB+,Married,Farmer,Rajshahi,Bogura
1001617151,2001-12-20,25,Female,AB-,Single,Engineer,Rangpur,Rangpur
1001629540,1996-01-21,30,Male,O+,Single,Unemployed,Rangpur,Dinajpur
1001641929,1991-02-22,35,Female,A-,Single,Govt Employee,Chattogram,Chattogram
1001654274,1990-03-23,36,Male,B+,Divorced,Unemployed,Chattogram,Cumilla
1001666575,1993-04-24,33,Female,AB-,Single,Govt Employee,Dhaka,Dhaka
1001678887,1995-05-25,31,Female,B-,Divorced,Business,Dhaka,Gazipur
1001691221,1995-06-26,31,Female,O-,Single,Govt Employee,Dhaka,Narayanganj
1001703599,1991-07-27,35,Female,B-,Divorced,Teacher,Rajshahi,Rajshahi
1001715988,1986-08-28,40,Male,AB+,Divorced,Unemployed,Rajshahi,Bogura
1001728344,1984-09-01,42,Male,A+,Divorced,Teacher,Rangpur,Rangpur
1001740656,1986-10-02,40,Male,AB+,Married,Farmer,Rangpur,Dinajpur
1001752968,1988-11-03,38,Male,A+,Single,Unemployed,Chattogram,Chattogram
1001765291,1989-12-04,37,Female,B-,Single,Unemployed,Chattogram,Cumilla
1001777658,1986-01-05,40,Male,B+,Married,Doctor,Dhaka,Dhaka
1001790047,1981-02-06,45,Female,B-,Married,Farmer,Dhaka,Gazipur
1001802414,1978-03-07,48,Male,AB+,Divorced,Business,Dhaka,Narayanganj
1001814748,1978-04-08,48,Male,AB+,Single,Govt Employee,Rajshahi,Rajshahi
1001827049,1981-05-09,45,Female,O-,Married,Doctor,Rajshahi,Bogura
1001839361,1983-06-10,43,Female,A-,Single,Engineer,Rangpur,Rangpur
1001851717,1981-07-11,45,Female,A-,Single,Govt Employee,Rangpur,Dinajpur
1001864106,1976-08-12,50,Male,A+,Single,Engineer,Chattogram,Chattogram
1001876484,1972-09-13,54,Male,O+,Divorced,Unemployed,Chattogram,Cumilla
1001888829,1971-10-14,55,Female,O-,Married,Farmer,Dhaka,Dhaka
1001901130,1974-11-15,52,Male,B+,Divorced,Unemployed,Dhaka,Gazipur
1001913431,1977-12-16,49,Female,AB-,Single,Govt Employee,Dhaka,Narayanganj
1001925776,1976-01-17,50,Male,A+,Divorced,Unemployed,Rajshahi,Rajshahi
1001938165,1971-02-18,55,Female,O-,Divorced,Business,Rajshahi,Bogura
1001950543,1967-03-19,59,Female,A-,Married,Farmer,Rangpur,Rangpur
1001962899,1965-04-20,61,Female,B-,Married,Retired,Rangpur,Dinajpur
1001975211,1967-05-21,59,Female,A-,Single,Engineer,Chattogram,Chattogram
1001987512,1970-06-22,56,Male,O+,Married,Farmer,Chattogram,Cumilla
1001999846,1970-07-23,56,Male,AB+,Divorced,Teacher,Dhaka,Dhaka
1002012224,1966-08-24,60,Male,O+,Married,Private Service,Dhaka,Gazipur
1002024602,1962-09-25,64,Male,AB+,Single,Farmer,Dhaka,Narayanganj
1002036969,1959-10-26,67,Female,A-,Widowed,Retired,Rajshahi,Rajshahi
1002049292,1960-11-27,66,Male,A+,Married,Business,Rajshahi,Bogura
1002061593,1963-12-28,63,Female,A-,Divorced,Farmer,Rangpur,Rangpur
1002073916,1964-01-01,62,Male,O+,Divorced,Retired,Rangpur,Dinajpur
1002086272,1962-02-02,64,Male,O+,Divorced,Business,Chattogram,Chattogram
1002098661,1957-03-03,69,Female,B-,Married,Farmer,Chattogram,Cumilla
1002111039,1953-04-04,73,Female,AB-,Widowed,Retired,Dhaka,Dhaka
1002123373,1953-05-05,73,Female,AB-,Married,Business,Dhaka,Gazipur
1002135674,1956-06-06,70,Male,AB+,Widowed,Farmer,Dhaka,Narayanganj
1002147986,1958-07-07,68,Male,B+,Married,Retired,Rajshahi,Rajshahi
1002160331,1957-08-08,69,Female,B-,Widowed,Business,Rajshahi,Bogura
1002172720,1952-09-09,74,Male,A+,Married,Farmer,Rangpur,Rangpur
1002185109,1947-10-10,79,Female,O-,Widowed,Retired,Rangpur,Dinajpur
1002197454,1946-11-11,80,Male,AB+,Married,Business,Chattogram,Chattogram
1002209755,1949-12-12,77,Female,B-,Widowed,Farmer,Chattogram,Cumilla
1002222056,2008-01-13,18,Male,A+,Single,Student,Dhaka,Dhaka
1002234401,2008-02-14,18,Female,A-,Single,Student,Dhaka,Gazipur
1002246779,2007-03-15,19,Female,AB-,Single,Student,Dhaka,Narayanganj
1002259168,2002-04-16,24,Male,B+,Single,Unemployed,Rajshahi,Rajshahi
1002271524,2000-05-17,26,Male,O+,Single,Engineer,Rajshahi,Bogura
1002283836,2002-06-18,24,Male,B+,Divorced,Teacher,Rangpur,Rangpur
1002296137,2005-07-19,21,Female,O-,Single,Student,Rangpur,Dinajpur
1002308471,2005-08-20,21,Female,AB-,Single,Student,Chattogram,Chattogram
1002320838,2002-09-21,24,Male,AB+,Divorced,Business,Chattogram,Cumilla
1002333227,1997-10-22,29,Female,AB-,Divorced,Teacher,Dhaka,Dhaka
1002345594,1994-11-23,32,Male,B+,Single,Govt Employee,Dhaka,Gazipur
1002357917,1995-12-24,31,Female,A-,Single,Govt Employee,Dhaka,Narayanganj
1002370229,1997-01-25,29,Female,A-,Divorced,Business,Rajshahi,Rajshahi
1002382541,1999-02-26,27,Female,O-,Married,Doctor,Rajshahi,Bogura
1002394897,1997-03-27,29,Female,O-,Married,Private Service,Rangpur,Rangpur
1002407286,1992-04-28,34,Male,O+,Married,Doctor,Rangpur,Dinajpur
1002419664,1988-05-01,38,Male,A+,Single,Unemployed,Chattogram,Chattogram
1002431998,1988-06-02,38,Male,A+,Married,Farmer,Chattogram,Cumilla
1002444310,1990-07-03,36,Male,AB+,Single,Unemployed,Dhaka,Dhaka
1002456611,1993-08-04,33,Female,B-,Married,Private Service,Dhaka,Gazipur
1002468956,1992-09-05,34,Male,O+,Single,Unemployed,Dhaka,Narayanganj
1002481345,1987-10-06,39,Female,A-,Single,Govt Employee,Rajshahi,Rajshahi
1002493734,1982-11-07,44,Male,AB+,Single,Engineer,Rajshahi,Bogura
1002506079,1981-12-08,45,Female,AB-,Divorced,Business,Rangpur,Rangpur
1002518391,1983-01-09,43,Female,O-,Married,Doctor,Rangpur,Dinajpur
1002530692,1986-02-10,40,Male,A+,Divorced,Teacher,Chattogram,Chattogram
1002543026,1986-03-11,40,Male,B+,Single,Engineer,Chattogram,Cumilla
1002555404,1982-04-12,44,Male,A+,Divorced,Unemployed,Dhaka,Dhaka
1002567793,1977-05-13,49,Female,B-,Divorced,Business,Dhaka,Gazipur
1002580149,1975-06-14,51,Female,O-,Divorced,Unemployed,Dhaka,Narayanganj
1002592472,1976-07-15,50,Male,O+,Divorced,Unemployed,Rajshahi,Rajshahi
1002604773,1979-08-16,47,Female,O-,Single,Govt Employee,Rajshahi,Bogura
1002617096,1980-09-17,46,Male,A+,Single,Govt Employee,Rangpur,Rangpur
1002629463,1977-10-18,49,Female,AB-,Married,Farmer,Rangpur,Dinajpur
1002641841,1973-11-19,53,Female,AB-,Single,Govt Employee,Chattogram,Chattogram
1002654219,1969-12-20,57,Female,B-,Divorced,Teacher,Chattogram,Cumilla
1002666553,1969-01-21,57,Female,B-,Single,Engineer,Dhaka,Dhaka
1002678854,1972-02-22,54,Male,B+,Married,Farmer,Dhaka,Gazipur
1002691166,1974-03-23,52,Male,AB+,Single,Unemployed,Dhaka,Narayanganj
1002703522,1972-04-24,54,Male,AB+,Single,Engineer,Rajshahi,Rajshahi
1002715900,1968-05-25,58,Male,O+,Divorced,Unemployed,Rajshahi,Bogura
1002728289,1963-06-26,63,Female,A-,Divorced,Farmer,Rangpur,Rangpur
1002740634,1962-07-27,64,Male,B+,Married,Retired,Rangpur,Dinajpur
1002752935,1965-08-28,61,Female,AB-,Divorced,Business,Chattogram,Chattogram
1002765236,1968-09-01,58,Male,O+,Single,Engineer,Chattogram,Cumilla
1002777581,1967-10-02,59,Female,O-,Divorced,Business,Dhaka,Dhaka
1002789970,1962-11-03,64,Male,B+,Divorced,Business,Dhaka,Gazipur
1002802348,1958-12-04,68,Male,AB+,Widowed,Farmer,Dhaka,Narayanganj
1002814704,1956-01-05,70,Male,A+,Married,Retired,Rajshahi,Rajshahi
1002827016,1958-02-06,68,Male,AB+,Widowed,Business,Rajshahi,Bogura
1002839317,1961-03-07,65,Female,A-,Married,Farmer,Rangpur,Rangpur
1002851651,1961-04-08,65,Female,B-,Divorced,Retired,Rangpur,Dinajpur
1002864018,1958-05-09,68,Male,B+,Married,Business,Chattogram,Chattogram
1002876407,1953-06-10,73,Female,B-,Widowed,Farmer,Chattogram,Cumilla
1002888774,1950-07-11,76,Male,AB+,Married,Retired,Dhaka,Dhaka
1002901097,1951-08-12,75,Female,O-,Widowed,Business,Dhaka,Gazipur
1002913409,1953-09-13,73,Female,O-,Married,Farmer,Dhaka,Narayanganj
1002925721,1955-10-14,71,Female,A-,Widowed,Retired,Rajshahi,Rajshahi
1002938077,1953-11-15,73,Female,A-,Married,Business,Rajshahi,Bogura
1002950466,1948-12-16,78,Male,A+,Widowed,Farmer,Rangpur,Rangpur
1002962844,2004-01-17,22,Male,O+,Married,Student,Rangpur,Dinajpur
1002975178,2004-02-18,22,Male,O+,Divorced,Student,Chattogram,Chattogram
1002987490,2006-03-19,20,Male,B+,Single,Student,Chattogram,Cumilla
1002999791,2008-04-20,18,Female,AB-,Single,Student,Dhaka,Dhaka
1003012136,2008-05-21,18,Male,A+,Single,Student,Dhaka,Gazipur
1003024525,2003-06-22,23,Female,O-,Married,Student,Dhaka,Narayanganj
1003036914,1998-07-23,28,Male,B+,Married,Doctor,Rajshahi,Rajshahi
1003049259,1997-08-24,29,Female,B-,Single,Govt Employee,Rajshahi,Bogura
1003061560,2000-09-25,26,Male,A+,Married,Doctor,Rangpur,Rangpur
1003073872,2002-10-26,24,Male,O+,Single,Engineer,Rangpur,Dinajpur
1003086206,2002-11-27,24,Male,AB+,Married,Doctor,Chattogram,Chattogram
1003098584,1998-12-28,28,Male,O+,Single,Unemployed,Chattogram,Cumilla
1003110973,1993-01-01,33,Female,AB-,Single,Govt Employee,Dhaka,Dhaka
1003123329,1991-02-02,35,Female,A-,Single,Unemployed,Dhaka,Gazipur
1003135652,1992-03-03,34,Male,A+,Single,Unemployed,Dhaka,Narayanganj
1003147953,1995-04-04,31,Female,A-,Married,Private Service,Rajshahi,Rajshahi
1003160276,1996-05-05,30,Male,O+,Married,Private Service,Rajshahi,Bogura
1003172643,1993-06-06,33,Female,B-,Divorced,Teacher,Rangpur,Rangpur
1003185021,1989-07-07,37,Female,B-,Married,Private Service,Rangpur,Dinajpur
1003197399,1985-08-08,41,Female,AB-,Single,Engineer,Chattogram,Chattogram
1003209733,1985-09-09,41,Female,AB-,Married,Doctor,Chattogram,Cumilla
1003222034,1988-10-10,38,Male,AB+,Divorced,Teacher,Dhaka,Dhaka
1003234346,1990-11-11,36,Male,B+,Married,Farmer,Dhaka,Gazipur
1003246702,1988-12-12,38,Male,B+,Married,Doctor,Dhaka,Narayanganj
1003259080,1984-01-13,42,Male,A+,Single,Unemployed,Rajshahi,Rajshahi
1003271469,1979-02-14,47,Female,O-,Single,Govt Employee,Rajshahi,Bogura
1003283814,1978-03-15,48,Male,AB+,Divorced,Unemployed,Rangpur,Rangpur
1003296115,1981-04-16,45,Female,B-,Single,Govt Employee,Rangpur,Dinajpur
1003308416,1984-05-17,42,Male,A+,Married,Doctor,Chattogram,Chattogram
1003320761,1983-06-18,43,Female,A-,Single,Govt Employee,Chattogram,Cumilla
1003333150,1978-07-19,48,Male,AB+,Single,Engineer,Dhaka,Dhaka
1003345528,1974-08-20,52,Male,B+,Divorced,Unemployed,Dhaka,Gazipur
1003357884,1972-09-21,54,Male,O+,Divorced,Teacher,Dhaka,Narayanganj
1003370196,1974-10-22,52,Male,B+,Married,Farmer,Rajshahi,Rajshahi
1003382497,1977-11-23,49,Female,O-,Divorced,Unemployed,Rajshahi,Bogura
1003394831,1977-12-24,49,Female,AB-,Single,Unemployed,Rangpur,Rangpur
1003407198,1974-01-25,52,Male,AB+,Married,Doctor,Rangpur,Dinajpur
1003419587,1969-02-26,57,Female,AB-,Married,Farmer,Chattogram,Chattogram
1003431954,1966-03-27,60,Male,B+,Divorced,Business,Chattogram,Cumilla
1003444277,1967-04-28,59,Female,A-,Divorced,Business,Dhaka,Dhaka
1003456589,1969-05-01,57,Female,A-,Married,Doctor,Dhaka,Gazipur
1003468901,1971-06-02,55,Female,O-,Single,Engineer,Dhaka,Narayanganj
1003481257,1969-07-03,57,Female,O-,Single,Govt Employee,Rajshahi,Rajshahi
1003493646,1964-08-04,62,Male,O+,Single,Business,Rajshahi,Bogura
1003506024,1960-09-05,66,Male,A+,Married,Farmer,Rangpur,Rangpur
1003518358,1960-10-06,66,Male,A+,Widowed,Retired,Rangpur,Dinajpur
1003530670,1962-11-07,64,Male,AB+,Divorced,Business,Chattogram,Chattogram
1003542971,1965-12-08,61,Female,B-,Single,Farmer,Chattogram,Cumilla
1003555316,1964-01-09,62,Male,O+,Divorced,Retired,Dhaka,Dhaka
1003567705,1959-02-10,67,Female,A-,Widowed,Business,Dhaka,Gazipur
1003580094,1954-03-11,72,Male,AB+,Married,Farmer,Dhaka,Narayanganj
1003592439,1953-04-12,73,Female,AB-,Widowed,Retired,Rajshahi,Rajshahi
1003604740,1956-05-13,70,Male,O+,Married,Business,Rajshahi,Bogura
1003617052,1958-06-14,68,Male,A+,Widowed,Farmer,Rangpur,Rangpur
1003629386,1958-07-15,68,Male,B+,Married,Retired,Rangpur,Dinajpur
1003641764,1954-08-16,72,Male,A+,Widowed,Business,Chattogram,Chattogram
1003654153,1949-09-17,77,Female,B-,Married,Farmer,Chattogram,Cumilla
1003666509,1947-10-18,79,Female,O-,Widowed,Retired,Dhaka,Dhaka
1003678832,1948-11-19,78,Male,O+,Married,Business,Dhaka,Gazipur
1003691133,1951-12-20,75,Female,O-,Widowed,Farmer,Dhaka,Narayanganj
1003703456,2008-01-21,18,Male,A+,Single,Student,Rajshahi,Rajshahi
1003715823,2008-02-22,18,Female,AB-,Single,Student,Rajshahi,Bogura
1003728201,2005-03-23,21,Female,AB-,Single,Student,Rangpur,Rangpur
1003740579,2001-04-24,25,Female,B-,Married,Doctor,Rangpur,Dinajpur
1003752913,2001-05-25,25,Female,B-,Divorced,Business,Chattogram,Chattogram
1003765214,2004-06-26,22,Male,B+,Single,Student,Chattogram,Cumilla
1003777526,2006-07-27,20,Male,AB+,Single,Student,Dhaka,Dhaka
1003789882,2004-08-28,22,Male,AB+,Divorced,Student,Dhaka,Gazipur
1003802260,2000-09-01,26,Male,O+,Married,Farmer,Dhaka,Narayanganj
1003814649,1995-10-02,31,Female,A-,Married,Private Service,Rajshahi,Rajshahi
1003826994,1994-11-03,32,Male,B+,Single,Unemployed,Rajshahi,Bogura
1003839295,1997-12-04,29,Female,AB-,Married,Private Service,Rangpur,Rangpur
1003851596,2000-01-05,26,Male,O+,Divorced,Business,Rangpur,Dinajpur
1003863941,1999-02-06,27,Female,O-,Married,Private Service,Chattogram,Chattogram
1003876330,1994-03-07,32,Male,B+,Married,Doctor,Chattogram,Cumilla
1003888708,1990-04-08,36,Male,AB+,Single,Unemployed,Dhaka,Dhaka
1003901064,1988-05-09,38,Male,A+,Single,Engineer,Dhaka,Gazipur
1003913376,1990-06-10,36,Male,AB+,Divorced,Teacher,Dhaka,Narayanganj
1003925677,1993-07-11,33,Female,A-,Single,Unemployed,Rajshahi,Rajshahi
1003938011,1993-08-12,33,Female,B-,Married,Farmer,Rajshahi,Bogura
1003950378,1990-09-13,36,Male,B+,Divorced,Business,Rangpur,Rangpur
1003962767,1985-10-14,41,Female,B-,Divorced,Teacher,Rangpur,Dinajpur
1003975134,1982-11-15,44,Male,AB+,Single,Govt Employee,Chattogram,Chattogram
1003987457,1983-12-16,43,Female,O-,Single,Govt Employee,Chattogram,Cumilla
1003999758,1986-01-17,40,Male,AB+,Married,Doctor,Dhaka,Dhaka
1004012081,1987-02-18,39,Female,A-,Married,Doctor,Dhaka,Gazipur
1004024437,1985-03-19,41,Female,A-,Married,Private Service,Dhaka,Narayanganj
1004036826,1980-04-20,46,Male,A+,Married,Doctor,Rajshahi,Rajshahi
1004049204,1976-05-21,50,Male,O+,Single,Unemployed,Rajshahi,Bogura
1004061538,1976-06-22,50,Male,O+,Married,Farmer,Rangpur,Rangpur
1004073850,1978-07-23,48,Male,B+,Single,Unemployed,Rangpur,Dinajpur
1004086151,1981-08-24,45,Female,AB-,Married,Private Service,Chattogram,Chattogram
1004098496,1980-09-25,46,Male,A+,Single,Unemployed,Chattogram,Cumilla
1004110885,1975-10-26,51,Female,O-,Single,Govt Employee,Dhaka,Dhaka
1004123274,1970-11-27,56,Male,B+,Single,Engineer,Dhaka,Gazipur
1004135619,1969-12-28,57,Female,B-,Divorced,Business,Dhaka,Narayanganj
1004147920,1972-01-01,54,Male,A+,Single,Engineer,Rajshahi,Rajshahi
1004160232,1974-02-02,52,Male,O+,Divorced,Teacher,Rajshahi,Bogura
1004172566,1974-03-03,52,Male,AB+,Single,Engineer,Rangpur,Rangpur
1004184944,1970-04-04,56,Male,O+,Divorced,Unemployed,Rangpur,Dinajpur
1004197333,1965-05-05,61,Female,AB-,Divorced,Business,Chattogram,Chattogram
1004209689,1963-06-06,63,Female,A-,Divorced,Farmer,Chattogram,Cumilla
1004222012,1964-07-07,62,Male,A+,Divorced,Retired,Dhaka,Dhaka
1004234313,1967-08-08,59,Female,A-,Single,Govt Employee,Dhaka,Gazipur
1004246636,1968-09-09,58,Male,O+,Single,Govt Employee,Dhaka,Narayanganj
1004259003,1965-10-10,61,Female,B-,Married,Retired,Rajshahi,Rajshahi
1004271392,1960-11-11,66,Male,O+,Married,Business,Rajshahi,Bogura
1004283759,1957-12-12,69,Female,AB-,Widowed,Farmer,Rangpur,Rangpur
1004296093,1957-01-13,69,Female,AB-,Married,Retired,Rangpur,Dinajpur
1004308394,1960-02-14,66,Male,AB+,Widowed,Business,Chattogram,Chattogram
1004320706,1962-03-15,64,Male,B+,Single,Farmer,Chattogram,Cumilla
1004333062,1960-04-16,66,Male,B+,Widowed,Retired,Dhaka,Dhaka
1004345440,1956-05-17,70,Male,A+,Married,Business,Dhaka,Gazipur
1004357829,1951-06-18,75,Female,O-,Widowed,Farmer,Dhaka,Narayanganj
1004370174,1950-07-19,76,Male,AB+,Married,Retired,Rajshahi,Rajshahi
1004382475,1953-08-20,73,Female,B-,Widowed,Business,Rajshahi,Bogura
1004394776,1956-09-21,70,Male,A+,Married,Farmer,Rangpur,Rangpur
1004407121,1955-10-22,71,Female,A-,Widowed,Retired,Rangpur,Dinajpur
1004419510,1950-11-23,76,Male,AB+,Married,Business,Chattogram,Chattogram
1004431888,1946-12-24,80,Male,B+,Widowed,Farmer,Chattogram,Cumilla
1004444244,2004-01-25,22,Male,O+,Married,Student,Dhaka,Dhaka
1004456556,2006-02-26,20,Male,B+,Single,Student,Dhaka,Gazipur
1004468857,2008-03-27,18,Female,O-,Single,Student,Dhaka,Narayanganj
1004481191,2008-04-28,18,Female,AB-,Single,Student,Rajshahi,Rajshahi
1004493558,2006-05-01,20,Male,AB+,Single,Student,Rajshahi,Bogura
1004505947,2001-06-02,25,Female,AB-,Single,Engineer,Rangpur,Rangpur
1004518314,1998-07-03,28,Male,B+,Married,Private Service,Rangpur,Dinajpur
1004530637,1999-08-04,27,Female,A-,Married,Private Service,Chattogram,Chattogram
1004542938,2002-09-05,24,Male,B+,Divorced,Business,Chattogram,Cumilla
1004555261,2003-10-06,23,Female,O-,Divorced,Student,Dhaka,Dhaka
1004567617,2001-11-07,25,Female,O-,Divorced,Unemployed,Dhaka,Gazipur
1004580006,1996-12-08,30,Male,O+,Divorced,Business,Dhaka,Narayanganj
1004592384,1992-01-09,34,Male,A+,Married,Farmer,Rajshahi,Rajshahi
1004604718,1992-02-10,34,Male,A+,Divorced,Teacher,Rajshahi,Bogura
1004617030,1994-03-11,32,Male,AB+,Married,Farmer,Rangpur,Rangpur
1004629331,1997-04-12,29,Female,B-,Divorced,Unemployed,Rangpur,Dinajpur
1004641676,1996-05-13,30,Male,O+,Married,Farmer,Chattogram,Chattogram
1004654065,1991-06-14,35,Female,A-,Married,Private Service,Chattogram,Cumilla
1004666454,1986-07-15,40,Male,AB+,Married,Doctor,Dhaka,Dhaka
1004678799,1985-08-16,41,Female,AB-,Single,Govt Employee,Dhaka,Gazipur
1004691100,1988-09-17,38,Male,O+,Married,Doctor,Dhaka,Narayanganj
1004703412,1990-10-18,36,Male,A+,Single,Engineer,Rajshahi,Rajshahi
1004715746,1990-11-19,36,Male,B+,Married,Doctor,Rajshahi,Bogura
1004728124,1986-12-20,40,Male,A+,Single,Unemployed,Rangpur,Rangpur
1004740513,1981-01-21,45,Female,B-,Single,Govt Employee,Rangpur,Dinajpur
1004752869,1979-02-22,47,Female,O-,Single,Unemployed,Chattogram,Chattogram
1004765192,1980-03-23,46,Male,O+,Single,Unemployed,Chattogram,Cumilla
1004777493,1983-04-24,43,Female,O-,Married,Private Service,Dhaka,Dhaka
1004789816,1984-05-25,42,Male,A+,Married,Private Service,Dhaka,Gazipur
1004802183,1981-06-26,45,Female,AB-,Divorced,Teacher,Dhaka,Narayanganj
1004814572,1976-07-27,50,Male,A+,Divorced,Unemployed,Rajshahi,Rajshahi
1004826939,1973-08-28,53,Female,B-,Single,Engineer,Rajshahi,Bogura
1004839273,1973-09-01,53,Female,B-,Married,Doctor,Rangpur,Rangpur
1004851574,1976-10-02,50,Male,B+,Divorced,Teacher,Rangpur,Dinajpur
1004863886,1978-11-03,48,Male,AB+,Married,Farmer,Chattogram,Chattogram
1004876242,1976-12-04,50,Male,AB+,Married,Doctor,Chattogram,Cumilla
1004888620,1972-01-05,54,Male,O+,Single,Unemployed,Dhaka,Dhaka
1004901009,1967-02-06,59,Female,A-,Single,Govt Employee,Dhaka,Gazipur
1004913354,1966-03-07,60,Male,B+,Divorced,Unemployed,Dhaka,Narayanganj
1004925655,1969-04-08,57,Female,AB-,Single,Govt Employee,Rajshahi,Rajshahi
1004937956,1972-05-09,54,Male,O+,Married,Doctor,Rajshahi,Bogura
1004950301,1971-06-10,55,Female,O-,Single,Govt Employee,Rangpur,Rangpur
1004962690,1966-07-11,60,Male,B+,Single,Engineer,Rangpur,Dinajpur
1004975068,1962-08-12,64,Male,AB+,Divorced,Business,Chattogram,Chattogram
1004987424,1960-09-13,66,Male,A+,Married,Farmer,Chattogram,Cumilla
1004999736,1962-10-14,64,Male,AB+,Married,Retired,Dhaka,Dhaka
1005012037,1965-11-15,61,Female,A-,Divorced,Business,Dhaka,Gazipur
1005024371,1965-12-16,61,Female,B-,Single,Farmer,Dhaka,Narayanganj
1005036749,1961-01-17,65,Female,A-,Divorced,Retired,Rajshahi,Rajshahi
1005049127,1957-02-18,69,Female,B-,Widowed,Business,Rajshahi,Bogura
1005061494,1954-03-19,72,Male,AB+,Married,Farmer,Rangpur,Rangpur
1005073817,1955-04-20,71,Female,O-,Widowed,Retired,Rangpur,Dinajpur
1005086118,1958-05-21,68,Male,AB+,Married,Business,Chattogram,Chattogram
1005098441,1959-06-22,67,Female,A-,Widowed,Farmer,Chattogram,Cumilla
1005110797,1957-07-23,69,Female,A-,Married,Retired,Dhaka,Dhaka
1005123186,1952-08-24,74,Male,A+,Widowed,Business,Dhaka,Gazipur
1005135564,1948-09-25,78,Male,O+,Married,Farmer,Dhaka,Narayanganj
1005147898,1948-10-26,78,Male,O+,Widowed,Retired,Rajshahi,Rajshahi
1005160210,1950-11-27,76,Male,B+,Married,Business,Rajshahi,Bogura
1005172511,1953-12-28,73,Female,AB-,Widowed,Farmer,Rangpur,Rangpur
1005184856,2008-01-01,18,Male,A+,Single,Student,Rangpur,Dinajpur
1005197245,2007-02-02,19,Female,O-,Single,Student,Chattogram,Chattogram
1005209634,2002-03-03,24,Male,B+,Divorced,Business,Chattogram,Cumilla
1005221979,2001-04-04,25,Female,B-,Married,Private Service,Dhaka,Dhaka
1005234280,2004-05-05,22,Male,A+,Divorced,Student,Dhaka,Gazipur
1005246592,2006-06-06,20,Male,O+,Single,Student,Dhaka,Narayanganj
1005258926,2006-07-07,20,Male,AB+,Single,Student,Rajshahi,Rajshahi
1005271304,2002-08-08,24,Male,O+,Married,Farmer,Rajshahi,Bogura
1005283693,1997-09-09,29,Female,AB-,Married,Private Service,Rangpur,Rangpur
1005296049,1995-10-10,31,Female,A-,Married,Farmer,Rangpur,Dinajpur
1005308361,1997-11-11,29,Female,AB-,Single,Unemployed,Chattogram,Chattogram
1005320673,1999-12-12,27,Female,A-,Divorced,Unemployed,Chattogram,Cumilla
1005332996,2000-01-13,26,Male,O+,Divorced,Unemployed,Dhaka,Dhaka
1005345363,1997-02-14,29,Female,B-,Single,Engineer,Dhaka,Gazipur
1005357752,1992-03-15,34,Male,O+,Single,Unemployed,Dhaka,Narayanganj
1005370119,1989-04-16,37,Female,AB-,Married,Doctor,Rajshahi,Rajshahi
1005382453,1989-05-17,37,Female,AB-,Divorced,Business,Rajshahi,Bogura
1005394754,1992-06-18,34,Male,AB+,Single,Engineer,Rangpur,Rangpur
1005407066,1994-07-19,32,Male,B+,Divorced,Teacher,Rangpur,Dinajpur
1005419422,1992-08-20,34,Male,B+,Divorced,Business,Chattogram,Chattogram
1005431800,1988-09-21,38,Male,A+,Married,Farmer,Chattogram,Cumilla
1005444189,1983-10-22,43,Female,O-,Married,Private Service,Dhaka,Dhaka
1005456534,1982-11-23,44,Male,AB+,Single,Unemployed,Dhaka,Gazipur
1005468835,1985-12-24,41,Female,B-,Married,Private Service,Dhaka,Narayanganj
1005481136,1988-01-25,38,Male,A+,Divorced,Business,Rajshahi,Rajshahi
1005493481,1987-02-26,39,Female,A-,Married,Private Service,Rajshahi,Bogura
1005505870,1982-03-27,44,Male,AB+,Married,Doctor,Rangpur,Rangpur
1005518248,1978-04-28,48,Male,B+,Single,Unemployed,Rangpur,Dinajpur
1005530604,1976-05-01,50,Male,O+,Single,Engineer,Chattogram,Chattogram
1005542916,1978-06-02,48,Male,B+,Divorced,Teacher,Chattogram,Cumilla
1005555217,1981-07-03,45,Female,O-,Single,Unemployed,Dhaka,Dhaka
1005567551,1981-08-04,45,Female,AB-,Married,Farmer,Dhaka,Gazipur
1005579929,1977-09-05,49,Female,O-,Single,Govt Employee,Dhaka,Narayanganj
1005592307,1973-10-06,53,Female,AB-,Divorced,Teacher,Rajshahi,Rajshahi
1005604674,1970-11-07,56,Male,B+,Single,Govt Employee,Rajshahi,Bogura
1005616997,1971-12-08,55,Female,A-,Single,Govt Employee,Rangpur,Rangpur
1005629298,1974-01-09,52,Male,B+,Married,Doctor,Rangpur,Dinajpur
1005641621,1975-02-10,51,Female,O-,Married,Doctor,Chattogram,Chattogram
1005653977,1973-03-11,53,Female,O-,Married,Private Service,Chattogram,Cumilla
1005666366,1968-04-12,58,Male,O+,Married,Doctor,Dhaka,Dhaka
1005678744,1964-05-13,62,Male,A+,Single,Business,Dhaka,Gazipur
1005691078,1964-06-14,62,Male,A+,Married,Farmer,Dhaka,Narayanganj
1005703390,1966-07-15,60,Male,AB+,Single,Unemployed,Rajshahi,Rajshahi
1005715691,1969-08-16,57,Female,B-,Married,Private Service,Rajshahi,Bogura
1005728036,1968-09-17,58,Male,O+,Single,Unemployed,Rangpur,Rangpur
1005740425,1963-10-18,63,Female,A-,Single,Retired,Rangpur,Dinajpur
1005752814,1958-11-19,68,Male,AB+,Married,Business,Chattogram,Chattogram
1005765159,1957-12-20,69,Female,AB-,Widowed,Farmer,Chattogram,Cumilla
1005777460,1960-01-21,66,Male,O+,Married,Retired,Dhaka,Dhaka
1005789772,1962-02-22,64,Male,A+,Divorced,Business,Dhaka,Gazipur
1005802106,1962-03-23,64,Male,B+,Single,Farmer,Dhaka,Narayanganj
1005814484,1958-04-24,68,Male,A+,Widowed,Retired,Rajshahi,Rajshahi
1005826873,1953-05-25,73,Female,B-,Married,Business,Rajshahi,Bogura
1005839229,1951-06-26,75,Female,O-,Widowed,Farmer,Rangpur,Rangpur
1005851541,1953-07-27,73,Female,B-,Married,Retired,Rangpur,Dinajpur
1005863853,1955-08-28,71,Female,O-,Widowed,Business,Chattogram,Chattogram
1005876176,1956-09-01,70,Male,A+,Married,Farmer,Chattogram,Cumilla
1005888543,1953-10-02,73,Female,AB-,Widowed,Retired,Dhaka,Dhaka
1005900932,1948-11-03,78,Male,A+,Married,Business,Dhaka,Gazipur
1005913299,1946-12-04,80,Female,B-,Widowed,Farmer,Dhaka,Narayanganj
1005925633,2005-01-05,21,Female,B-,Single,Student,Rajshahi,Rajshahi
1005937934,2008-02-06,18,Male,B+,Single,Student,Rajshahi,Bogura
1005950246,2008-03-07,18,Male,AB+,Single,Student,Rangpur,Rangpur
1005962602,2008-04-08,18,Male,AB+,Single,Student,Rangpur,Dinajpur
1005974980,2004-05-09,22,Male,O+,Divorced,Student,Chattogram,Chattogram
1005987369,1999-06-10,27,Female,A-,Divorced,Unemployed,Chattogram,Cumilla
1005999714,1998-07-11,28,Male,B+,Married,Farmer,Dhaka,Dhaka
1006012015,2001-08-12,25,Female,AB-,Divorced,Unemployed,Dhaka,Gazipur
1006024316,2004-09-13,22,Male,O+,Single,Student,Dhaka,Narayanganj
1006036661,2003-10-14,23,Female,O-,Divorced,Student,Rajshahi,Rajshahi
1006049050,1998-11-15,28,Male,B+,Divorced,Business,Rajshahi,Bogura
1006061428,1994-12-16,32,Male,AB+,Married,Farmer,Rangpur,Rangpur
1006073784,1992-01-17,34,Male,A+,Married,Doctor,Rangpur,Dinajpur
1006086096,1994-02-18,32,Male,AB+,Single,Engineer,Chattogram,Chattogram
1006098397,1997-03-19,29,Female,A-,Married,Farmer,Chattogram,Cumilla
1006110731,1997-04-20,29,Female,B-,Divorced,Teacher,Dhaka,Dhaka
1006123109,1993-05-21,33,Female,A-,Married,Private Service,Dhaka,Gazipur
1006135487,1989-06-22,37,Female,B-,Single,Engineer,Dhaka,Narayanganj
1006147854,1986-07-23,40,Male,AB+,Married,Private Service,Rajshahi,Rajshahi
1006160177,1987-08-24,39,Female,O-,Married,Private Service,Rajshahi,Bogura
1006172478,1990-09-25,36,Male,AB+,Divorced,Business,Rangpur,Rangpur
1006184801,1991-10-26,35,Female,A-,Divorced,Business,Rangpur,Dinajpur
1006197157,1989-11-27,37,Female,A-,Divorced,Unemployed,Chattogram,Chattogram
1006209546,1984-12-28,42,Male,A+,Divorced,Business,Chattogram,Cumilla
1006221924,1980-01-01,46,Male,O+,Married,Farmer,Dhaka,Dhaka
1006234258,1980-02-02,46,Male,O+,Divorced,Teacher,Dhaka,Gazipur
1006246559,1983-03-03,43,Female,B-,Single,Unemployed,Dhaka,Narayanganj
1006258871,1985-04-04,41,Female,AB-,Divorced,Unemployed,Rajshahi,Rajshahi
1006271216,1984-05-05,42,Male,A+,Married,Farmer,Rajshahi,Bogura
1006283605,1979-06-06,47,Female,O-,Married,Private Service,Rangpur,Rangpur
1006295994,1974-07-07,52,Male,B+,Married,Doctor,Rangpur,Dinajpur
1006308339,1973-08-08,53,Female,B-,Single,Govt Employee,Chattogram,Chattogram
1006320640,1976-09-09,50,Male,A+,Married,Doctor,Chattogram,Cumilla
1006332952,1978-10-10,48,Male,O+,Single,Engineer,Dhaka,Dhaka
1006345286,1978-11-11,48,Male,AB+,Married,Doctor,Dhaka,Gazipur
1006357664,1974-12-12,52,Male,O+,Single,Unemployed,Dhaka,Narayanganj
1006370053,1969-01-13,57,Female,AB-,Single,Govt Employee,Rajshahi,Rajshahi
1006382409,1967-02-14,59,Female,A-,Single,Unemployed,Rajshahi,Bogura
1006394721,1969-03-15,57,Female,AB-,Divorced,Unemployed,Rangpur,Rangpur
1006407033,1971-04-16,55,Female,A-,Married,Private Service,Rangpur,Dinajpur
1006419356,1972-05-17,54,Male,O+,Married,Private Service,Chattogram,Chattogram
1006431723,1969-06-18,57,Female,B-,Divorced,Teacher,Chattogram,Cumilla
1006444112,1964-07-19,62,Male,O+,Divorced,Retired,Dhaka,Dhaka
1006456479,1961-08-20,65,Female,AB-,Single,Business,Dhaka,Gazipur
1006468813,1961-09-21,65,Female,AB-,Married,Farmer,Dhaka,Narayanganj
1006481114,1964-10-22,62,Male,AB+,Divorced,Retired,Rajshahi,Rajshahi
1006493426,1966-11-23,60,Male,B+,Married,Farmer,Rajshahi,Bogura
1006505782,1964-12-24,62,Male,B+,Married,Farmer,Rangpur,Rangpur
1006518171,1959-01-25,67,Female,A-,Married,Retired,Rangpur,Dinajpur
1006530549,1955-02-26,71,Female,O-,Widowed,Business,Chattogram,Chattogram
1006542894,1954-03-27,72,Male,AB+,Married,Farmer,Chattogram,Cumilla
1006555195,1957-04-28,69,Female,B-,Widowed,Retired,Dhaka,Dhaka
1006567496,1960-05-01,66,Male,A+,Married,Business,Dhaka,Gazipur
1006579841,1959-06-02,67,Female,A-,Widowed,Farmer,Dhaka,Narayanganj
1006592230,1954-07-03,72,Male,AB+,Married,Retired,Rajshahi,Rajshahi
1006604619,1949-08-04,77,Female,B-,Widowed,Business,Rajshahi,Bogura
1006616964,1948-09-05,78,Male,O+,Married,Farmer,Rangpur,Rangpur
1006629276,1950-10-06,76,Male,B+,Widowed,Retired,Rangpur,Dinajpur
1006641577,1953-11-07,73,Female,O-,Married,Business,Chattogram,Chattogram
1006653911,1953-12-08,73,Female,AB-,Widowed,Farmer,Chattogram,Cumilla
1006666289,2008-01-09,18,Female,O-,Single,Student,Dhaka,Dhaka
1006678678,2004-02-10,22,Male,A+,Divorced,Student,Dhaka,Gazipur
1006691034,2002-03-11,24,Male,B+,Divorced,Unemployed,Dhaka,Narayanganj
1006703357,2003-04-12,23,Female,A-,Divorced,Student,Rajshahi,Rajshahi
1006715658,2006-05-13,20,Male,B+,Single,Student,Rajshahi,Bogura
1006727981,2007-06-14,19,Female,O-,Single,Student,Rangpur,Rangpur
1006740348,2004-07-15,22,Male,O+,Married,Student,Rangpur,Dinajpur
1006752726,2000-08-16,26,Male,O+,Single,Govt Employee,Chattogram,Chattogram
1006765104,1996-09-17,30,Male,A+,Divorced,Teacher,Chattogram,Cumilla
1006777438,1996-10-18,30,Male,A+,Single,Engineer,Dhaka,Dhaka
1006789739,1999-11-19,27,Female,AB-,Married,Farmer,Dhaka,Gazipur
1006802051,2001-12-20,25,Female,B-,Single,Unemployed,Dhaka,Narayanganj
1006814407,1999-01-21,27,Female,B-,Single,Engineer,Rajshahi,Rajshahi
1006826785,1995-02-22,31,Female,A-,Divorced,Unemployed,Rajshahi,Bogura
1006839174,1990-03-23,36,Male,AB+,Divorced,Business,Rangpur,Rangpur
1006851519,1989-04-24,37,Female,AB-,Married,Private Service,Rangpur,Dinajpur
1006863820,1992-05-25,34,Male,O+,Divorced,Business,Chattogram,Chattogram
1006876121,1995-06-26,31,Female,A-,Single,Engineer,Chattogram,Cumilla
1006888466,1994-07-27,32,Male,B+,Divorced,Business,Dhaka,Dhaka
1006900844,1990-08-28,36,Male,A+,Married,Farmer,Dhaka,Gazipur
1006913233,1985-09-01,41,Female,B-,Married,Private Service,Dhaka,Narayanganj
1006925589,1983-10-02,43,Female,O-,Married,Farmer,Rajshahi,Rajshahi
1006937901,1985-11-03,41,Female,B-,Single,Unemployed,Rajshahi,Bogura
1006950202,1988-12-04,38,Male,AB+,Married,Private Service,Rangpur,Rangpur
1006962536,1988-01-05,38,Male,A+,Divorced,Unemployed,Rangpur,Dinajpur
1006974903,1985-02-06,41,Female,AB-,Single,Engineer,Chattogram,Chattogram
1006987292,1980-03-07,46,Male,A+,Single,Unemployed,Chattogram,Cumilla
1006999659,1977-04-08,49,Female,B-,Married,Doctor,Dhaka,Dhaka
1007011982,1978-05-09,48,Male,B+,Married,Doctor,Dhaka,Gazipur
1007024294,1980-06-10,46,Male,B+,Single,Engineer,Dhaka,Narayanganj
1007036606,1982-07-11,44,Male,AB+,Divorced,Teacher,Rajshahi,Rajshahi
1007048962,1980-08-12,46,Male,AB+,Divorced,Business,Rajshahi,Bogura
1007061351,1975-09-13,51,Female,O-,Divorced,Teacher,Rangpur,Rangpur
1007073729,1971-10-14,55,Female,A-,Married,Private Service,Rangpur,Dinajpur
1007086063,1971-11-15,55,Female,A-,Divorced,Unemployed,Chattogram,Chattogram
1007098375,1973-12-16,53,Female,AB-,Married,Private Service,Chattogram,Cumilla
1007110676,1976-01-17,50,Male,O+,Divorced,Business,Dhaka,Dhaka
1007123021,1975-02-18,51,Female,O-,Married,Private Service,Dhaka,Gazipur
1007135410,1970-03-19,56,Male,B+,Married,Doctor,Dhaka,Narayanganj
1007147799,1965-04-20,61,Female,AB-,Married,Retired,Rajshahi,Rajshahi
1007160144,1964-05-21,62,Male,A+,Single,Business,Rajshahi,Bogura
1007172445,1967-06-22,59,Female,O-,Married,Farmer,Rangpur,Rangpur
1007184757,1969-07-23,57,Female,A-,Single,Unemployed,Rangpur,Dinajpur
1007197091,1969-08-24,57,Female,B-,Married,Farmer,Chattogram,Chattogram
1007209469,1965-09-25,61,Female,A-,Single,Farmer,Chattogram,Cumilla
1007221858,1960-10-26,66,Male,O+,Widowed,Retired,Dhaka,Dhaka
1007234214,1958-11-27,68,Male,AB+,Married,Business,Dhaka,Gazipur
1007246537,1959-12-28,67,Female,O-,Widowed,Farmer,Dhaka,Narayanganj
1007258838,1962-01-01,64,Male,AB+,Married,Retired,Rajshahi,Rajshahi
1007271161,1963-02-02,63,Female,A-,Married,Business,Rajshahi,Bogura
1007283528,1960-03-03,66,Male,A+,Married,Farmer,Rangpur,Rangpur
1007295906,1956-04-04,70,Male,A+,Widowed,Retired,Rangpur,Dinajpur
1007308284,1952-05-05,74,Male,O+,Married,Business,Chattogram,Chattogram
1007320618,1952-06-06,74,Male,O+,Widowed,Farmer,Chattogram,Cumilla
1007332919,1955-07-07,71,Female,B-,Married,Retired,Dhaka,Dhaka
1007345231,1957-08-08,69,Female,AB-,Widowed,Business,Dhaka,Gazipur
1007357587,1955-09-09,71,Female,AB-,Married,Farmer,Dhaka,Narayanganj
1007369965,1951-10-10,75,Female,O-,Widowed,Retired,Rajshahi,Rajshahi
1007382354,1946-11-11,80,Male,B+,Married,Business,Rajshahi,Bogura
1007394699,1946-12-12,80,Female,B-,Widowed,Farmer,Rangpur,Rangpur
1007407000,2008-01-13,18,Male,A+,Single,Student,Rangpur,Dinajpur
1007419301,2008-02-14,18,Female,O-,Single,Student,Chattogram,Chattogram
1007431646,2008-03-15,18,Male,AB+,Single,Student,Chattogram,Cumilla
1007444035,2005-04-16,21,Female,B-,Single,Student,Dhaka,Dhaka
1007456413,2001-05-17,25,Female,AB-,Divorced,Unemployed,Dhaka,Gazipur
1007468769,1999-06-18,27,Female,A-,Divorced,Teacher,Dhaka,Narayanganj
1007481081,2001-07-19,25,Female,AB-,Married,Farmer,Rajshahi,Rajshahi
1007493382,2004-08-20,22,Male,B+,Divorced,Student,Rajshahi,Bogura
1007505716,2004-09-21,22,Male,O+,Single,Student,Rangpur,Rangpur
1007518083,2001-10-22,25,Female,B-,Married,Doctor,Rangpur,Dinajpur
1007530472,1996-11-23,30,Male,O+,Married,Farmer,Chattogram,Chattogram
1007542839,1993-12-24,33,Female,AB-,Divorced,Business,Chattogram,Cumilla
1007555162,1994-01-25,32,Male,AB+,Divorced,Business,Dhaka,Dhaka
1007567474,1996-02-26,30,Male,AB+,Married,Doctor,Dhaka,Gazipur
1007579786,1998-03-27,28,Male,B+,Single,Engineer,Dhaka,Narayanganj
1007592142,1996-04-28,30,Male,B+,Single,Govt Employee,Rajshahi,Rajshahi
1007604531,1991-05-01,35,Female,A-,Single,Engineer,Rajshahi,Bogura
1007616909,1987-06-02,39,Female,O-,Divorced,Unemployed,Rangpur,Rangpur
1007629243,1987-07-03,39,Female,O-,Single,Unemployed,Rangpur,Dinajpur
1007641555,1989-08-04,37,Female,B-,Divorced,Unemployed,Chattogram,Chattogram
1007653856,1992-09-05,34,Male,A+,Single,Govt Employee,Chattogram,Cumilla
1007666201,1991-10-06,35,Female,A-,Divorced,Unemployed,Dhaka,Dhaka
1007678590,1986-11-07,40,Male,AB+,Divorced,Business,Dhaka,Gazipur
1007690979,1981-12-08,45,Female,B-,Divorced,Teacher,Dhaka,Narayanganj
1007703324,1980-01-09,46,Male,O+,Married,Doctor,Rajshahi,Rajshahi
1007715625,1983-02-10,43,Female,A-,Divorced,Teacher,Rajshahi,Bogura
1007727937,1985-03-11,41,Female,O-,Married,Farmer,Rangpur,Rangpur
1007740271,1985-04-12,41,Female,AB-,Divorced,Teacher,Rangpur,Dinajpur
1007752649,1981-05-13,45,Female,O-,Married,Private Service,Chattogram,Chattogram
1007765038,1976-06-14,50,Male,A+,Married,Doctor,Chattogram,Cumilla
1007777394,1974-07-15,52,Male,B+,Married,Private Service,Dhaka,Dhaka
1007789717,1975-08-16,51,Female,A-,Married,Private Service,Dhaka,Gazipur
1007802018,1978-09-17,48,Male,B+,Divorced,Business,Dhaka,Narayanganj
1007814341,1979-10-18,47,Female,O-,Divorced,Business,Rajshahi,Rajshahi
1007826708,1976-11-19,50,Male,O+,Single,Unemployed,Rajshahi,Bogura
1007839086,1972-12-20,54,Male,O+,Divorced,Business,Rangpur,Rangpur
1007851464,1968-01-21,58,Male,A+,Married,Farmer,Rangpur,Dinajpur
1007863798,1968-02-22,58,Male,A+,Divorced,Teacher,Chattogram,Chattogram
1007876099,1971-03-23,55,Female,AB-,Single,Unemployed,Chattogram,Cumilla
1007888411,1973-04-24,53,Female,B-,Divorced,Unemployed,Dhaka,Dhaka
1007900767,1971-05-25,55,Female,B-,Divorced,Teacher,Dhaka,Gazipur
1007913145,1967-06-26,59,Female,A-,Married,Private Service,Dhaka,Narayanganj
1007925534,1962-07-27,64,Male,AB+,Married,Retired,Rajshahi,Rajshahi
1007937879,1961-08-28,65,Female,AB-,Single,Business,Rajshahi,Bogura
1007950180,1964-09-01,62,Male,O+,Married,Farmer,Rangpur,Rangpur
1007962481,1967-10-02,59,Female,A-,Divorced,Teacher,Rangpur,Dinajpur
1007974826,1966-11-03,60,Male,B+,Married,Doctor,Chattogram,Chattogram
1007987215,1961-12-04,65,Female,AB-,Married,Farmer,Chattogram,Cumilla
1007999593,1957-01-05,69,Female,B-,Married,Retired,Dhaka,Dhaka
1008011949,1955-02-06,71,Female,O-,Widowed,Business,Dhaka,Gazipur
1008024261,1957-03-07,69,Female,B-,Married,Farmer,Dhaka,Narayanganj
1008036562,1960-04-08,66,Male,AB+,Widowed,Retired,Rajshahi,Rajshahi
1008048896,1960-05-09,66,Male,A+,Married,Business,Rajshahi,Bogura
1008061263,1957-06-10,69,Female,AB-,Widowed,Farmer,Rangpur,Rangpur
1008073652,1952-07-11,74,Male,A+,Married,Retired,Rangpur,Dinajpur
1008086019,1949-08-12,77,Female,B-,Widowed,Business,Chattogram,Chattogram
1008098342,1950-09-13,76,Male,B+,Married,Farmer,Chattogram,Cumilla
1008110654,1952-10-14,74,Male,B+,Widowed,Retired,Dhaka,Dhaka
1008122966,1954-11-15,72,Male,AB+,Married,Business,Dhaka,Gazipur
1008135322,1952-12-16,74,Male,AB+,Widowed,Farmer,Dhaka,Narayanganj
1008147711,2007-01-17,19,Female,O-,Single,Student,Rajshahi,Rajshahi
1008160089,2003-02-18,23,Female,A-,Single,Student,Rajshahi,Bogura
1008172423,2003-03-19,23,Female,A-,Married,Student,Rangpur,Rangpur
1008184735,2005-04-20,21,Female,AB-,Single,Student,Rangpur,Dinajpur
1008197036,2008-05-21,18,Male,O+,Single,Student,Chattogram,Chattogram
1008209381,2007-06-22,19,Female,O-,Single,Student,Chattogram,Cumilla
1008221770,2002-07-23,24,Male,B+,Single,Govt Employee,Dhaka,Dhaka
1008234159,1997-08-24,29,Female,AB-,Single,Engineer,Dhaka,Gazipur
1008246504,1996-09-25,30,Male,A+,Divorced,Business,Dhaka,Narayanganj
1008258805,1999-10-26,27,Female,O-,Single,Engineer,Rajshahi,Rajshahi
1008271117,2001-11-27,25,Female,A-,Divorced,Teacher,Rajshahi,Bogura
1008283451,2001-12-28,25,Female,B-,Single,Engineer,Rangpur,Rangpur
1008295829,1997-01-01,29,Female,A-,Divorced,Unemployed,Rangpur,Dinajpur
1008308218,1992-02-02,34,Male,O+,Divorced,Business,Chattogram,Chattogram
1008320574,1990-03-03,36,Male,AB+,Divorced,Unemployed,Chattogram,Cumilla
1008332897,1991-04-04,35,Female,O-,Divorced,Unemployed,Dhaka,Dhaka
1008345198,1994-05-05,32,Male,AB+,Single,Govt Employee,Dhaka,Gazipur
1008357521,1995-06-06,31,Female,A-,Single,Govt Employee,Dhaka,Narayanganj
1008369888,1992-07-07,34,Male,A+,Married,Farmer,Rajshahi,Rajshahi
1008382277,1987-08-08,39,Female,A-,Married,Private Service,Rajshahi,Bogura
1008394644,1984-09-09,42,Male,O+,Divorced,Teacher,Rangpur,Rangpur
1008406978,1984-10-10,42,Male,O+,Single,Engineer,Rangpur,Dinajpur
1008419279,1987-11-11,39,Female,B-,Married,Farmer,Chattogram,Chattogram
1008431591,1989-12-12,37,Female,AB-,Single,Unemployed,Chattogram,Cumilla
1008443947,1987-01-13,39,Female,AB-,Single,Engineer,Dhaka,Dhaka
1008456325,1983-02-14,43,Female,O-,Divorced,Unemployed,Dhaka,Gazipur
1008468714,1978-03-15,48,Male,B+,Divorced,Business,Dhaka,Narayanganj
1008481059,1977-04-16,49,Female,B-,Married,Private Service,Rajshahi,Rajshahi
1008493360,1980-05-17,46,Male,A+,Divorced,Business,Rajshahi,Bogura
1008505661,1983-06-18,43,Female,O-,Single,Engineer,Rangpur,Rangpur
1008518006,1982-07-19,44,Male,AB+,Divorced,Business,Rangpur,Dinajpur
1008530395,1977-08-20,49,Female,B-,Divorced,Teacher,Chattogram,Chattogram
1008542773,1973-09-21,53,Female,AB-,Married,Private Service,Chattogram,Cumilla
1008555129,1971-10-22,55,Female,A-,Married,Farmer,Dhaka,Dhaka
1008567441,1973-11-23,53,Female,AB-,Single,Unemployed,Dhaka,Gazipur
1008579742,1976-12-24,50,Male,B+,Married,Private Service,Dhaka,Narayanganj
1008592076,1976-01-25,50,Male,O+,Divorced,Unemployed,Rajshahi,Rajshahi
1008604443,1973-02-26,53,Female,B-,Single,Engineer,Rajshahi,Bogura
1008616832,1968-03-27,58,Male,O+,Single,Unemployed,Rangpur,Rangpur
1008629199,1965-04-28,61,Female,AB-,Married,Retired,Rangpur,Dinajpur
1008641522,1966-05-01,60,Male,AB+,Married,Doctor,Chattogram,Chattogram
1008653823,1969-06-02,57,Female,AB-,Divorced,Teacher,Chattogram,Cumilla
1008666146,1970-07-03,56,Male,B+,Divorced,Teacher,Dhaka,Dhaka
1008678502,1968-08-04,58,Male,B+,Divorced,Business,Dhaka,Gazipur
1008690891,1963-09-05,63,Female,A-,Divorced,Farmer,Dhaka,Narayanganj
1008703269,1959-10-06,67,Female,O-,Widowed,Retired,Rajshahi,Rajshahi
1008715603,1959-11-07,67,Female,O-,Married,Business,Rajshahi,Bogura
1008727915,1961-12-08,65,Female,B-,Married,Farmer,Rangpur,Rangpur
1008740216,1964-01-09,62,Male,A+,Divorced,Retired,Rangpur,Dinajpur
1008752561,1963-02-10,63,Female,A-,Married,Business,Chattogram,Chattogram
1008764950,1958-03-11,68,Male,AB+,Married,Farmer,Chattogram,Cumilla
1008777339,1953-04-12,73,Female,B-,Widowed,Retired,Dhaka,Dhaka
1008789684,1952-05-13,74,Male,O+,Married,Business,Dhaka,Gazipur
1008801985,1955-06-14,71,Female,A-,Widowed,Farmer,Dhaka,Narayanganj
1008814297,1957-07-15,69,Female,O-,Married,Retired,Rajshahi,Rajshahi
1008826631,1957-08-16,69,Female,AB-,Widowed,Business,Rajshahi,Bogura
1008839009,1953-09-17,73,Female,O-,Married,Farmer,Rangpur,Rangpur
1008851398,1948-10-18,78,Male,A+,Widowed,Retired,Rangpur,Dinajpur
1008863754,1946-11-19,80,Male,B+,Married,Business,Chattogram,Chattogram
1008876077,1947-12-20,79,Female,A-,Widowed,Farmer,Chattogram,Cumilla
1008888378,2008-01-21,18,Male,B+,Single,Student,Dhaka,Dhaka
1008900701,2008-02-22,18,Female,O-,Single,Student,Dhaka,Gazipur
1008913068,2008-03-23,18,Male,O+,Single,Student,Dhaka,Narayanganj
1008925457,2003-04-24,23,Female,O-,Divorced,Student,Rajshahi,Rajshahi
1008937824,2000-05-25,26,Male,A+,Single,Engineer,Rajshahi,Bogura
1008950158,2000-06-26,26,Male,A+,Married,Doctor,Rangpur,Rangpur
1008962459,2003-07-27,23,Female,AB-,Divorced,Student,Rangpur,Dinajpur
1008974771,2005-08-28,21,Female,B-,Single,Student,Chattogram,Chattogram
1008987127,2003-09-01,23,Female,B-,Married,Student,Chattogram,Cumilla
1008999505,1999-10-02,27,Female,A-,Single,Unemployed,Dhaka,Dhaka
1009011894,1994-11-03,32,Male,AB+,Single,Govt Employee,Dhaka,Gazipur
1009024239,1993-12-04,33,Female,AB-,Divorced,Unemployed,Dhaka,Narayanganj
1009036540,1996-01-05,30,Male,O+,Single,Govt Employee,Rajshahi,Rajshahi
1009048841,1999-02-06,27,Female,A-,Married,Doctor,Rajshahi,Bogura
1009061186,1998-03-07,28,Male,B+,Single,Govt Employee,Rangpur,Rangpur
1009073575,1993-04-08,33,Female,AB-,Single,Engineer,Rangpur,Dinajpur
1009085953,1989-05-09,37,Female,B-,Divorced,Unemployed,Chattogram,Chattogram
1009098309,1987-06-10,39,Female,O-,Divorced,Teacher,Chattogram,Cumilla
1009110621,1989-07-11,37,Female,B-,Married,Farmer,Dhaka,Dhaka
1009122922,1992-08-12,34,Male,AB+,Divorced,Unemployed,Dhaka,Gazipur
1009135256,1992-09-13,34,Male,A+,Single,Unemployed,Dhaka,Narayanganj
1009147623,1989-10-14,37,Female,AB-,Married,Doctor,Rajshahi,Rajshahi
1009160012,1984-11-15,42,Male,A+,Married,Farmer,Rajshahi,Bogura
1009172379,1981-12-16,45,Female,B-,Divorced,Business,Rangpur,Rangpur
1009184702,1982-01-17,44,Male,B+,Divorced,Business,Rangpur,Dinajpur
1009197003,1985-02-18,41,Female,B-,Single,Engineer,Chattogram,Chattogram
1009209326,1986-03-19,40,Male,AB+,Single,Engineer,Chattogram,Cumilla
1009221682,1984-04-20,42,Male,AB+,Single,Govt Employee,Dhaka,Dhaka
1009234071,1979-05-21,47,Female,O-,Single,Engineer,Dhaka,Gazipur
1009246449,1975-06-22,51,Female,A-,Divorced,Unemployed,Dhaka,Narayanganj
1009258783,1975-07-23,51,Female,A-,Single,Unemployed,Rajshahi,Rajshahi
1009271095,1977-08-24,49,Female,AB-,Divorced,Unemployed,Rajshahi,Bogura
1009283396,1980-09-25,46,Male,O+,Single,Govt Employee,Rangpur,Rangpur
1009295741,1979-10-26,47,Female,O-,Divorced,Unemployed,Rangpur,Dinajpur
1009308130,1974-11-27,52,Male,B+,Divorced,Business,Chattogram,Chattogram
1009320519,1969-12-28,57,Female,AB-,Divorced,Teacher,Chattogram,Cumilla
1009332864,1968-01-01,58,Male,A+,Married,Doctor,Dhaka,Dhaka
1009345165,1971-02-02,55,Female,O-,Divorced,Teacher,Dhaka,Gazipur
1009357477,1973-03-03,53,Female,A-,Married,Farmer,Dhaka,Narayanganj
1009369811,1973-04-04,53,Female,B-,Divorced,Teacher,Rajshahi,Rajshahi
1009382189,1969-05-05,57,Female,A-,Married,Private Service,Rajshahi,Bogura
1009394578,1964-06-06,62,Male,O+,Married,Farmer,Rangpur,Rangpur
1009406934,1962-07-07,64,Male,AB+,Married,Retired,Rangpur,Dinajpur
1009419246,1964-08-08,62,Male,O+,Single,Business,Chattogram,Chattogram
1009431558,1966-09-09,60,Male,AB+,Divorced,Business,Chattogram,Cumilla
1009443881,1967-10-10,59,Female,A-,Divorced,Business,Dhaka,Dhaka
1009456248,1964-11-11,62,Male,A+,Single,Business,Dhaka,Gazipur
1009468637,1959-12-12,67,Female,A-,Widowed,Farmer,Dhaka,Narayanganj
1009481004,1956-01-13,70,Male,O+,Married,Retired,Rajshahi,Rajshahi
1009493338,1956-02-14,70,Male,O+,Widowed,Business,Rajshahi,Bogura
1009505639,1959-03-15,67,Female,B-,Married,Farmer,Rangpur,Rangpur
1009517951,1961-04-16,65,Female,AB-,Divorced,Retired,Rangpur,Dinajpur
1009530307,1959-05-17,67,Female,AB-,Married,Business,Chattogram,Chattogram
1009542685,1955-06-18,71,Female,O-,Widowed,Farmer,Chattogram,Cumilla
1009555074,1950-07-19,76,Male,B+,Married,Retired,Dhaka,Dhaka
1009567419,1949-08-20,77,Female,B-,Widowed,Business,Dhaka,Gazipur
1009579720,1952-09-21,74,Male,A+,Married,Farmer,Dhaka,Narayanganj
1009592021,1955-10-22,71,Female,O-,Widowed,Retired,Rajshahi,Rajshahi
1009604366,1954-11-23,72,Male,AB+,Married,Business,Rajshahi,Bogura
1009616755,1949-12-24,77,Female,B-,Widowed,Farmer,Rangpur,Rangpur
1009629133,2005-01-25,21,Female,AB-,Single,Student,Rangpur,Dinajpur
1009641489,2003-02-26,23,Female,A-,Single,Student,Chattogram,Chattogram
1009653801,2005-03-27,21,Female,AB-,Single,Student,Chattogram,Cumilla
1009666102,2008-04-28,18,Male,B+,Single,Student,Dhaka,Dhaka
1009678436,2008-05-01,18,Male,O+,Single,Student,Dhaka,Gazipur
1009690814,2004-06-02,22,Male,B+,Single,Student,Dhaka,Narayanganj
1009703192,2000-07-03,26,Male,O+,Divorced,Teacher,Rajshahi,Rajshahi
1009715559,1997-08-04,29,Female,AB-,Single,Govt Employee,Rajshahi,Bogura
1009727882,1998-09-05,28,Male,AB+,Single,Govt Employee,Rangpur,Rangpur
1009740183,2001-10-06,25,Female,AB-,Married,Doctor,Rangpur,Dinajpur
1009752506,2002-11-07,24,Male,B+,Married,Doctor,Chattogram,Chattogram
1009764862,2000-12-08,26,Male,B+,Married,Private Service,Chattogram,Cumilla
1009777251,1995-01-09,31,Female,A-,Married,Doctor,Dhaka,Dhaka
1009789629,1991-02-10,35,Female,O-,Single,Unemployed,Dhaka,Gazipur
1009801963,1991-03-11,35,Female,O-,Married,Farmer,Dhaka,Narayanganj
1009814275,1993-04-12,33,Female,B-,Single,Unemployed,Rajshahi,Rajshahi
1009826576,1996-05-13,30,Male,A+,Married,Private Service,Rajshahi,Bogura
1009838921,1995-06-14,31,Female,A-,Single,Unemployed,Rangpur,Rangpur
1009851310,1990-07-15,36,Male,AB+,Single,Govt Employee,Rangpur,Dinajpur
1009863699,1985-08-16,41,Female,B-,Single,Engineer,Chattogram,Chattogram
1009876044,1984-09-17,42,Male,O+,Divorced,Business,Chattogram,Cumilla
1009888345,1987-10-18,39,Female,A-,Single,Engineer,Dhaka,Dhaka
1009900657,1989-11-19,37,Female,O-,Divorced,Teacher,Dhaka,Gazipur
1009912991,1989-12-20,37,Female,AB-,Single,Engineer,Dhaka,Narayanganj
1009925369,1985-01-21,41,Female,O-,Divorced,Unemployed,Rajshahi,Rajshahi
1009937758,1980-02-22,46,Male,A+,Divorced,Business,Rajshahi,Bogura
1009950114,1978-03-23,48,Male,B+,Divorced,Unemployed,Rangpur,Rangpur
1009962426,1980-04-24,46,Male,A+,Married,Private Service,Rangpur,Dinajpur
1009974738,1982-05-25,44,Male,B+,Single,Govt Employee,Chattogram,Chattogram
1009987061,1983-06-26,43,Female,O-,Single,Govt Employee,Chattogram,Cumilla
1009999428,1980-07-27,46,Male,O+,Married,Farmer,Dhaka,Dhaka
1010011817,1975-08-28,51,Female,O-,Married,Private Service,Dhaka,Gazipur
1010024184,1972-09-01,54,Male,A+,Divorced,Teacher,Dhaka,Narayanganj
1010036518,1972-10-02,54,Male,A+,Single,Engineer,Rajshahi,Rajshahi
1010048819,1975-11-03,51,Female,AB-,Married,Farmer,Rajshahi,Bogura
1010061131,1977-12-04,49,Female,B-,Single,Unemployed,Rangpur,Rangpur
1010073487,1975-01-05,51,Female,B-,Single,Engineer,Rangpur,Dinajpur
1010085865,1971-02-06,55,Female,A-,Divorced,Unemployed,Chattogram,Chattogram
1010098254,1966-03-07,60,Male,AB+,Divorced,Business,Chattogram,Cumilla
1010110599,1965-04-08,61,Female,AB-,Married,Retired,Dhaka,Dhaka
1010122900,1968-05-09,58,Male,O+,Divorced,Business,Dhaka,Gazipur
1010135201,1971-06-10,55,Female,A-,Single,Engineer,Dhaka,Narayanganj
1010147546,1970-07-11,56,Male,B+,Divorced,Business,Rajshahi,Rajshahi
1010159935,1965-08-12,61,Female,AB-,Divorced,Business,Rajshahi,Bogura
1010172313,1961-09-13,65,Female,B-,Married,Farmer,Rangpur,Rangpur
1010184669,1959-10-14,67,Female,O-,Widowed,Retired,Rangpur,Dinajpur
1010196981,1961-11-15,65,Female,B-,Single,Business,Chattogram,Chattogram
1010209282,1964-12-16,62,Male,AB+,Married,Farmer,Chattogram,Cumilla
1010221616,1964-01-17,62,Male,A+,Divorced,Retired,Dhaka,Dhaka
1010233994,1960-02-18,66,Male,AB+,Widowed,Business,Dhaka,Gazipur
1010246372,1956-03-19,70,Male,A+,Married,Farmer,Dhaka,Narayanganj
1010258739,1953-04-20,73,Female,B-,Widowed,Retired,Rajshahi,Rajshahi
1010271062,1954-05-21,72,Male,B+,Married,Business,Rajshahi,Bogura
1010283363,1957-06-22,69,Female,B-,Widowed,Farmer,Rangpur,Rangpur
1010295686,1958-07-23,68,Male,AB+,Married,Retired,Rangpur,Dinajpur
1010308042,1956-08-24,70,Male,AB+,Widowed,Business,Chattogram,Chattogram
1010320431,1951-09-25,75,Female,O-,Married,Farmer,Chattogram,Cumilla
1010332809,1947-10-26,79,Female,A-,Widowed,Retired,Dhaka,Dhaka
1010345143,1947-11-27,79,Female,A-,Married,Business,Dhaka,Gazipur
1010357455,1949-12-28,77,Female,AB-,Widowed,Farmer,Dhaka,Narayanganj
1010369756,2008-01-01,18,Male,O+,Single,Student,Rajshahi,Rajshahi
1010382101,2008-02-02,18,Female,O-,Single,Student,Rajshahi,Bogura
1010394490,2006-03-03,20,Male,B+,Single,Student,Rangpur,Rangpur
1010406879,2001-04-04,25,Female,AB-,Married,Doctor,Rangpur,Dinajpur
1010419224,2000-05-05,26,Male,A+,Single,Govt Employee,Chattogram,Chattogram
1010431525,2003-06-06,23,Female,O-,Married,Student,Chattogram,Cumilla
1010443837,2005-07-07,21,Female,A-,Single,Student,Dhaka,Dhaka
1010456171,2005-08-08,21,Female,B-,Single,Student,Dhaka,Gazipur
1010468549,2001-09-09,25,Female,A-,Single,Unemployed,Dhaka,Narayanganj
1010480938,1996-10-10,30,Male,O+,Single,Govt Employee,Rajshahi,Rajshahi
1010493294,1994-11-11,32,Male,AB+,Single,Unemployed,Rajshahi,Bogura
1010505606,1996-12-12,30,Male,O+,Divorced,Unemployed,Rangpur,Rangpur
1010517918,1998-01-13,28,Male,AB+,Married,Private Service,Rangpur,Dinajpur
1010530241,1999-02-14,27,Female,A-,Married,Private Service,Chattogram,Chattogram
1010542608,1996-03-15,30,Male,A+,Divorced,Teacher,Chattogram,Cumilla
1010554997,1991-04-16,35,Female,A-,Divorced,Unemployed,Dhaka,Dhaka
1010567364,1988-05-17,38,Male,O+,Single,Engineer,Dhaka,Gazipur
1010579698,1988-06-18,38,Male,O+,Married,Doctor,Dhaka,Narayanganj
1010591999,1991-07-19,35,Female,B-,Divorced,Teacher,Rajshahi,Rajshahi
1010604311,1993-08-20,33,Female,AB-,Married,Farmer,Rajshahi,Bogura
1010616667,1991-09-21,35,Female,AB-,Married,Doctor,Rangpur,Rangpur
1010629056,1986-10-22,40,Male,AB+,Married,Farmer,Rangpur,Dinajpur
1010641434,1982-11-23,44,Male,B+,Single,Govt Employee,Chattogram,Chattogram
1010653779,1981-12-24,45,Female,B-,Divorced,Unemployed,Chattogram,Cumilla
1010666080,1984-01-25,42,Male,A+,Single,Govt Employee,Dhaka,Dhaka
1010678381,1987-02-26,39,Female,O-,Married,Doctor,Dhaka,Gazipur
1010690726,1986-03-27,40,Male,AB+,Single,Govt Employee,Dhaka,Narayanganj
1010703115,1981-04-28,45,Female,B-,Single,Engineer,Rajshahi,Rajshahi
1010715493,1977-05-01,49,Female,AB-,Divorced,Unemployed,Rajshahi,Bogura
1010727849,1975-06-02,51,Female,A-,Divorced,Teacher,Rangpur,Rangpur
1010740161,1977-07-03,49,Female,AB-,Married,Farmer,Rangpur,Dinajpur
1010752462,1980-08-04,46,Male,B+,Divorced,Unemployed,Chattogram,Chattogram
1010764796,1980-09-05,46,Male,O+,Single,Unemployed,Chattogram,Cumilla
1010777174,1976-10-06,50,Male,B+,Divorced,Business,Dhaka,Dhaka
1010789552,1972-11-07,54,Male,O+,Married,Farmer,Dhaka,Gazipur
1010801919,1969-12-08,57,Female,AB-,Divorced,Business,Dhaka,Narayanganj
1010814242,1970-01-09,56,Male,AB+,Divorced,Business,Rajshahi,Rajshahi
1010826543,1973-02-10,53,Female,AB-,Single,Engineer,Rajshahi,Bogura
1010838866,1974-03-11,52,Male,B+,Single,Engineer,Rangpur,Rangpur
1010851222,1972-04-12,54,Male,B+,Single,Govt Employee,Rangpur,Dinajpur
1010863611,1967-05-13,59,Female,A-,Single,Engineer,Chattogram,Chattogram
1010875989,1963-06-14,63,Female,O-,Divorced,Farmer,Chattogram,Cumilla
1010888323,1963-07-15,63,Female,O-,Single,Retired,Dhaka,Dhaka
1010900624,1966-08-16,60,Male,O+,Married,Private Service,Dhaka,Gazipur
1010912936,1968-09-17,58,Male,A+,Single,Govt Employee,Dhaka,Narayanganj
1010925281,1967-10-18,59,Female,A-,Divorced,Unemployed,Rajshahi,Rajshahi
1010937670,1962-11-19,64,Male,AB+,Divorced,Business,Rajshahi,Bogura
1010950059,1957-12-20,69,Female,B-,Widowed,Farmer,Rangpur,Rangpur
1010962404,1956-01-21,70,Male,O+,Married,Retired,Rangpur,Dinajpur
1010974705,1959-02-22,67,Female,A-,Widowed,Business,Chattogram,Chattogram
1010987006,1962-03-23,64,Male,AB+,Single,Farmer,Chattogram,Cumilla
1010999351,1961-04-24,65,Female,AB-,Divorced,Retired,Dhaka,Dhaka
1011011729,1957-05-25,69,Female,O-,Married,Business,Dhaka,Gazipur
1011024118,1952-06-26,74,Male,A+,Widowed,Farmer,Dhaka,Narayanganj
1011036474,1950-07-27,76,Male,B+,Married,Retired,Rajshahi,Rajshahi
1011048786,1952-08-28,74,Male,A+,Widowed,Business,Rajshahi,Bogura
1011061087,1955-09-01,71,Female,B-,Married,Farmer,Rangpur,Rangpur
1011073421,1955-10-02,71,Female,O-,Widowed,Retired,Rangpur,Dinajpur
1011085788,1952-11-03,74,Male,O+,Married,Business,Chattogram,Chattogram
1011098177,1947-12-04,79,Female,O-,Widowed,Farmer,Chattogram,Cumilla
1011110544,2004-01-05,22,Male,A+,Married,Student,Dhaka,Dhaka
1011122867,2005-02-06,21,Female,AB-,Single,Student,Dhaka,Gazipur
1011135179,2007-03-07,19,Female,AB-,Single,Student,Dhaka,Narayanganj
1011147491,2008-04-08,18,Female,B-,Single,Student,Rajshahi,Rajshahi
1011159847,2007-05-09,19,Female,B-,Single,Student,Rajshahi,Bogura
1011172236,2002-06-10,24,Male,B+,Divorced,Teacher,Rangpur,Rangpur
1011184614,1998-07-11,28,Male,AB+,Married,Private Service,Rangpur,Dinajpur
1011196948,1998-08-12,28,Male,AB+,Divorced,Unemployed,Chattogram,Chattogram
1011209260,2000-09-13,26,Male,O+,Married,Private Service,Chattogram,Cumilla
1011221561,2003-10-14,23,Female,A-,Divorced,Student,Dhaka,Dhaka
1011233906,2002-11-15,24,Male,B+,Married,Private Service,Dhaka,Gazipur
1011246295,1997-12-16,29,Female,AB-,Married,Doctor,Dhaka,Narayanganj
1011258684,1992-01-17,34,Male,O+,Married,Farmer,Rajshahi,Rajshahi
1011271029,1991-02-18,35,Female,O-,Single,Engineer,Rajshahi,Bogura
1011283341,1993-03-19,33,Female,B-,Divorced,Teacher,Rangpur,Rangpur
1011295642,1996-04-20,30,Male,AB+,Single,Unemployed,Rangpur,Dinajpur
1011307976,1996-05-21,30,Male,A+,Married,Farmer,Chattogram,Chattogram
1011320354,1992-06-22,34,Male,AB+,Single,Govt Employee,Chattogram,Cumilla
1011332743,1987-07-23,39,Female,A-,Single,Engineer,Dhaka,Dhaka
1011345099,1985-08-24,41,Female,B-,Single,Govt Employee,Dhaka,Gazipur
1011357422,1986-09-25,40,Male,B+,Single,Govt Employee,Dhaka,Narayanganj
1011369723,1989-10-26,37,Female,B-,Married,Doctor,Rajshahi,Rajshahi
1011382046,1990-11-27,36,Male,AB+,Married,Doctor,Rajshahi,Bogura
1011394413,1987-12-28,39,Female,O-,Divorced,Unemployed,Rangpur,Rangpur
1011406791,1983-01-01,43,Female,O-,Married,Doctor,Rangpur,Dinajpur
1011419169,1979-02-02,47,Female,A-,Single,Unemployed,Chattogram,Chattogram
1011431503,1979-03-03,47,Female,A-,Married,Farmer,Chattogram,Cumilla
1011443804,1982-04-04,44,Male,A+,Divorced,Unemployed,Dhaka,Dhaka
1011456116,1984-05-05,42,Male,O+,Married,Private Service,Dhaka,Gazipur
1011468472,1982-06-06,44,Male,O+,Married,Farmer,Dhaka,Narayanganj
1011480850,1978-07-07,48,Male,B+,Single,Govt Employee,Rajshahi,Rajshahi
1011493239,1973-08-08,53,Female,AB-,Single,Engineer,Rajshahi,Bogura
1011505584,1972-09-09,54,Male,A+,Divorced,Business,Rangpur,Rangpur
1011517885,1975-10-10,51,Female,O-,Single,Engineer,Rangpur,Dinajpur
1011530186,1978-11-11,48,Male,B+,Married,Farmer,Chattogram,Chattogram
1011542531,1977-12-12,49,Female,B-,Single,Engineer,Chattogram,Cumilla
1011554920,1972-01-13,54,Male,A+,Single,Unemployed,Dhaka,Dhaka
1011567298,1968-02-14,58,Male,O+,Divorced,Business,Dhaka,Gazipur
1011579654,1966-03-15,60,Male,AB+,Divorced,Unemployed,Dhaka,Narayanganj
1011591966,1968-04-16,58,Male,O+,Married,Private Service,Rajshahi,Rajshahi
1011604267,1971-05-17,55,Female,AB-,Divorced,Business,Rajshahi,Bogura
1011616601,1971-06-18,55,Female,A-,Single,Govt Employee,Rangpur,Rangpur
1011628968,1968-07-19,58,Male,A+,Married,Farmer,Rangpur,Dinajpur
1011641357,1963-08-20,63,Female,A-,Married,Business,Chattogram,Chattogram
1011653724,1960-09-21,66,Male,O+,Married,Farmer,Chattogram,Cumilla
1011666047,1961-10-22,65,Female,B-,Divorced,Retired,Dhaka,Dhaka
1011678359,1963-11-23,63,Female,B-,Married,Business,Dhaka,Gazipur
1011690671,1965-12-24,61,Female,AB-,Single,Farmer,Dhaka,Narayanganj
1011703027,1963-01-25,63,Female,AB-,Single,Retired,Rajshahi,Rajshahi
1011715416,1958-02-26,68,Male,AB+,Widowed,Business,Rajshahi,Bogura
1011727794,1954-03-27,72,Male,B+,Married,Farmer,Rangpur,Rangpur
1011740128,1954-04-28,72,Male,B+,Widowed,Retired,Rangpur,Dinajpur
1011752440,1956-05-01,70,Male,A+,Married,Business,Chattogram,Chattogram
1011764741,1959-06-02,67,Female,O-,Widowed,Farmer,Chattogram,Cumilla
1011777086,1958-07-03,68,Male,AB+,Married,Retired,Dhaka,Dhaka
1011789475,1953-08-04,73,Female,B-,Widowed,Business,Dhaka,Gazipur
1011801864,1948-09-05,78,Male,A+,Married,Farmer,Dhaka,Narayanganj
1011814209,1947-10-06,79,Female,A-,Widowed,Retired,Rajshahi,Rajshahi
1011826510,1950-11-07,76,Male,AB+,Married,Business,Rajshahi,Bogura
1011838822,1952-12-08,74,Male,B+,Widowed,Farmer,Rangpur,Rangpur
1011851156,2008-01-09,18,Male,O+,Single,Student,Rangpur,Dinajpur
1011863534,2008-02-10,18,Male,B+,Single,Student,Chattogram,Chattogram
1011875923,2003-03-11,23,Female,O-,Married,Student,Chattogram,Cumilla
1011888279,2001-04-12,25,Female,AB-,Married,Private Service,Dhaka,Dhaka
1011900602,2002-05-13,24,Male,AB+,Married,Private Service,Dhaka,Gazipur
1011912903,2005-06-14,21,Female,AB-,Single,Student,Dhaka,Narayanganj
1011925226,2006-07-15,20,Male,B+,Single,Student,Rajshahi,Rajshahi
1011937593,2003-08-16,23,Female,A-,Single,Student,Rajshahi,Bogura
1011949971,1999-09-17,27,Female,A-,Divorced,Business,Rangpur,Rangpur
1011962349,1995-10-18,31,Female,O-,Married,Farmer,Rangpur,Dinajpur
1011974683,1995-11-19,31,Female,O-,Divorced,Teacher,Chattogram,Chattogram
1011986984,1998-12-20,28,Male,O+,Single,Unemployed,Chattogram,Cumilla
1011999296,2000-01-21,26,Male,A+,Divorced,Unemployed,Dhaka,Dhaka
1012011652,1998-02-22,28,Male,A+,Divorced,Teacher,Dhaka,Gazipur
1012024030,1994-03-23,32,Male,AB+,Married,Private Service,Dhaka,Narayanganj
1012036419,1989-04-24,37,Female,B-,Married,Doctor,Rajshahi,Rajshahi
1012048764,1988-05-25,38,Male,O+,Single,Govt Employee,Rajshahi,Bogura
1012061065,1991-06-26,35,Female,A-,Married,Doctor,Rangpur,Rangpur
1012073366,1994-07-27,32,Male,AB+,Divorced,Teacher,Rangpur,Dinajpur
1012085711,1993-08-28,33,Female,AB-,Married,Doctor,Chattogram,Chattogram
1012098100,1988-09-01,38,Male,O+,Married,Farmer,Chattogram,Cumilla
1012110478,1984-10-02,42,Male,A+,Single,Govt Employee,Dhaka,Dhaka
1012122834,1982-11-03,44,Male,B+,Single,Unemployed,Dhaka,Gazipur
1012135146,1984-12-04,42,Male,A+,Divorced,Unemployed,Dhaka,Narayanganj
1012147447,1987-01-05,39,Female,B-,Single,Govt Employee,Rajshahi,Rajshahi
1012159781,1987-02-06,39,Female,O-,Married,Private Service,Rajshahi,Bogura
1012172148,1984-03-07,42,Male,O+,Divorced,Teacher,Rangpur,Rangpur
1012184537,1979-04-08,47,Female,O-,Divorced,Unemployed,Rangpur,Dinajpur
1012196904,1976-05-09,50,Male,A+,Single,Engineer,Chattogram,Chattogram
1012209227,1977-06-10,49,Female,AB-,Single,Engineer,Chattogram,Cumilla
1012221539,1979-07-11,47,Female,AB-,Divorced,Teacher,Dhaka,Dhaka
1012233851,1981-08-12,45,Female,B-,Married,Farmer,Dhaka,Gazipur
1012246207,1979-09-13,47,Female,B-,Married,Doctor,Dhaka,Narayanganj
1012258596,1974-10-14,52,Male,B+,Married,Farmer,Rajshahi,Rajshahi
1012270974,1970-11-15,56,Male,AB+,Single,Govt Employee,Rajshahi,Bogura
1012283308,1970-12-16,56,Male,AB+,Married,Private Service,Rangpur,Rangpur
1012295620,1972-01-17,54,Male,O+,Single,Govt Employee,Rangpur,Dinajpur
1012307921,1975-02-18,51,Female,A-,Married,Doctor,Chattogram,Chattogram
1012320266,1974-03-19,52,Male,B+,Single,Govt Employee,Chattogram,Cumilla
1012332655,1969-04-20,57,Female,AB-,Single,Engineer,Dhaka,Dhaka
